默认个人配置   /etc/mysql/my.cnf (my.cnf)

mysqld     d:damon  守护

--注释

/* */多行

show databases

create databases abc   charset=utf8mb4; 创建 (必须要指定字符集)

create databases abc   charset=utf8;

use abc;  进入数据库

alter database  abc   charset=utf8; 修改

drop datebases abc;  删除



## SQL语言-----结构化查询语言

SQL 是一种特殊的编程语言,是一种数据库查询和程序设计语言言,用于存取数据以及查询、更新和管理关系数据库系统;同时也是数据库脚本文件的扩展名。

# linux数据库 

## 数据库的开启服务 

1. Ubuntu : service mysql start|stop|restart|reload|status
2. Deepin : systemctl stop|start mysqld
3. CentOS7 : systemctl stop|start mysqld
4. CentOS6 :servicemysqldstart|stop|restart|reload|status

## 数据库的连接

格式:mysql -h loaclhost -u root -p123456 -P9876

​       mycli -h localhost -u oyg -p151782   (有提示符)

1. -h : host(ip地址) localhost = 127.0.0.1
2. -u : username(用户账户)
3. -p : password(密码)
4. -P : port(端口, 默认端口3306)

## 数据库的退出

1. exit
2. quit
3. \q
4. 快捷键:ctrl + d

## 寻找密码

1. 修改配置: vim   /etc/mysql/my.cnf

~~~
[]
~~~

1. 找到 [mysqld] 在下面添加一句 skip-grant-tables
2. 修改完重新启动

## 数据库操作

### 创建

~~~
create database [if not exists] `数据库名` charset=字符编码(utf8mb4/utf8);
~~~

- 库名重复创建会报错
- 字符集不指定默认utf8mb4
- 库名要加反引号,避免关键字
- 末尾要加分号  ;
- [  ]可有可无

### 删除

~~~
drop database [if exists] `数据库的名`;
~~~

### 查看

~~~
show databases;
~~~

### 选择

~~~
use `数据库的名`;
~~~

### 修改

~~~
-- 只能修改字符集
alter database `数据库名` charset=字符集;
~~~

## 表的操作

### 创建

~~~
create table [if not exists] `表的名字`(
	id int not null auto_increment primary key comment '主键',
	account char(255) comment '用户名' default 'admin',
	pwd varchar(65535) comment '密码' not null
	) engine=myisam charset=utf8mb4;
~~~

- 字符集不指定,默认继承库的字符集
-  engine默认innobd

~~~
mysql> create table teacher(
    -> id int primary key auto_increment,
    -> name char(20),
    -> age int
    -> )charset utf8 engine=innodb;
mysql> show tables;
mysql> desc teacher;
+----------+----------+------+-----+---------+----------------+
| Field    | Type     | Null | Key | Default | Extra          |
+----------+----------+------+-----+---------+----------------+
| id       | int(11)  | NO   | PRI | NULL    | auto_increment |
| name     | char(20) | YES  |     | NULL    |                |
| age      | int(11)  | YES  |     | NULL    |                |
| location | char(20) | YES  |     | NULL    |                |
+----------+----------+------+-----+---------+----------------+
4 rows in set (0.02 sec)
mysql> insert teacher values(1,'oyg',22,'安徽');
mysql> select * from teacher;
+----+------+------+----------+
| id | name | age  | location |
+----+------+------+----------+
|  1 | oyg  |   22 | 安徽     |
+----+------+------+----------+
1 row in set (0.00 sec)
~~~

### 删除

删除表必须在数据库中进行删除

~~~
drop table [if exists] `表名`;
~~~

### 查看所有表

选择数据库后才能查看表

~~~
show tables;
~~~

### 查看  显示  描述表的状态

desc `表名`;

describe  `表名`;

### 修改

- 修改表的名称

~~~
alter table `old_name` rename `new_name`;
~~~

- 修改字段的属性

~~~
alter table `table_name` modify `字段名` 数据类型 属性;
~~~

- 修改字段名称

~~~
alter table `表名` change `原字段名` `新字段名` 数据类型 属性;
~~~

- 修改字段的位置

~~~
alter table `表名` change `原字段名` `新字段名` 数据类型 after `指定字段`;
~~~

- 修改表的引擎

~~~
alter table `表名` engine=innodb|myisam;
~~~

- 增加一个新的字段

~~~
alter table `table_name` add `field_name` 数据类型 属性;
~~~

- 删除表的某个字段

~~~
alter table `table_name` drop  要删除的一项字段名;
~~~

- 将某个字段添加在第一个位置

~~~
alter table `table_name` add `field_name` 数据类型 属性 first;
~~~

- 添加在某一个字段之后

~~~
alter table `table_name` add `field_name` 数据类型 属性 after 指定字段;
~~~

- 移动表到指定的数据库

~~~
alter table `表名` rename to 数据库名.表名;
~~~

### 复制表

~~~
create table abc(
id int primary key auto_increment comment '主键',
username char(32) not null comment '账户',
password char(32) not null comment '密码'
)engine=myisam;
/* 插入数据 */
insert into abc values (null,'admin',md5(123456)),(null,'admin1',
md5(123456));
~~~

- create table  `表名` select  *  from  `被复制表名`;

复制的是数据 ,主键没被复制

- create table `表名 `  like  `被复制的表名` ;

复制所有表结构  不复制数据

- 单独复制数据

insert  into  `表名`  select * from  `要被复制的表名`;

## 数据操作

- C : 创建 (Create)
- U: 更新(UPdate)
- R:读取 (Retrieve)
- D:删除(Delete)

### insert 插入

格式:

~~~
insert into `表名` ('字段1','字段2',...) values ('值1','值2',...);
~~~

- 一次插入一行

~~~
insert into `表名` set '字段'=值, `字段`=值;
~~~

- 按照指定字段,一次插入多行

```
insert into `表名` (字段1,字段2,...) values (值1,值2,...), (值1,值2,...);
```

- 指定全部字段,一次插入多行

~~~
insert into `表名` values (null, 值1, 值2, ...), (null, 值1, 值2, ...);
~~~

### 查询

- 通过 * 获取全部字段的数据

~~~
select * from `表名`;
~~~

- 获取指定字段的数据

~~~
select `字段1`,`字段2` from `表名`;
~~~

### 更新

- 修改全表数据

~~~
update `表名` set `字段1`=值, `字段2`=值;
~~~

- 使用 where 修改满足条件的行  类似于 if 条件,只执行返回结果为True的语句

~~~
update `表名` set `字段1`=值, `字段2`=值  where `字段`=值;
update `表名` set `字段1`=值, `字段2`=值 where `字段`=值 and `字段`=值;
~~~

### 删除

- 删除表中的所有数据 (逐行删除)

~~~
delete from '表名';
~~~

- 清空全表 (一次性删除整表)

~~~
truncate '表名';
~~~

- 使用 where 修改满足条件的行

~~~
delete from `表名` where `字段`=值;
delete from `表名` where `字段` in (1, 2, 3, 4);
~~~

